n,kernel,round,iterations,mean_us
2048,cublas_fp32,0,10,532.438421
2048,cublas_default,0,10,532.649612
2048,naive,0,10,6135.43663
2048,shared_tiled,0,10,4352.69127
2048,register_1d,0,10,1516.68482
2048,register_2d_v1,0,10,1514.5216
2048,register_2d_v2,0,10,1165.44323
2048,vectorized_k6,0,10,766.793585
2048,warp_single_k7,0,10,921.827221
2048,warp_multi_k8,0,10,669.596815
2048,experiment_k10,0,10,573.977613
2048,shared_tiled,1,10,4377.34718
2048,register_1d,1,10,1441.41121
2048,register_2d_v1,1,10,1778.13759
2048,register_2d_v2,1,10,1074.08962
2048,vectorized_k6,1,10,846.547222
2048,warp_single_k7,1,10,866.528034
2048,warp_multi_k8,1,10,634.927988
2048,experiment_k10,1,10,594.771194
2048,cublas_fp32,1,10,542.799997
2048,cublas_default,1,10,541.241598
2048,naive,1,10,6174.05128
2048,register_2d_v2,2,10,1158.83522
2048,vectorized_k6,2,10,770.624018
2048,warp_single_k7,2,10,867.334366
2048,warp_multi_k8,2,10,634.982395
2048,experiment_k10,2,10,622.49918
2048,cublas_fp32,2,10,542.208004
2048,cublas_default,2,10,541.836786
2048,naive,2,10,6276.77765
2048,shared_tiled,2,10,4374.76158
2048,register_1d,2,10,1474.30716
2048,register_2d_v1,2,10,1651.54552
2048,warp_multi_k8,3,10,632.128
2048,experiment_k10,3,10,562.960005
2048,cublas_fp32,3,10,540.166378
2048,cublas_default,3,10,591.155195
2048,naive,3,10,6219.02733
2048,shared_tiled,3,10,4470.05424
2048,register_1d,3,10,1460.79998
2048,register_2d_v1,3,10,1606.16322
2048,register_2d_v2,3,10,1086.29122
2048,vectorized_k6,3,10,856.655979
2048,warp_single_k7,3,10,872.281647
2048,cublas_default,4,10,541.286421
2048,naive,4,10,6205.50728
2048,shared_tiled,4,10,4324.59183
2048,register_1d,4,10,1618.71681
2048,register_2d_v1,4,10,1557.41444
2048,register_2d_v2,4,10,1114.33601
2048,vectorized_k6,4,10,772.099209
2048,warp_single_k7,4,10,967.11998
2048,warp_multi_k8,4,10,639.372778
2048,experiment_k10,4,10,569.686413
2048,cublas_fp32,4,10,541.215992
2048,register_1d,5,10,1566.88957
2048,register_2d_v1,5,10,1554.77123
2048,register_2d_v2,5,10,1116.38403
2048,vectorized_k6,5,10,770.348787
2048,warp_single_k7,5,10,956.294441
2048,warp_multi_k8,5,10,639.932823
2048,experiment_k10,5,10,570.079994
2048,cublas_fp32,5,10,541.484785
2048,cublas_default,5,10,565.468788
2048,naive,5,10,6163.81111
2048,shared_tiled,5,10,4480.91507
2048,vectorized_k6,6,10,774.947214
2048,warp_single_k7,6,10,871.47522
2048,warp_multi_k8,6,10,683.212805
2048,experiment_k10,6,10,625.260782
2048,cublas_fp32,6,10,543.097591
2048,cublas_default,6,10,543.663979
2048,naive,6,10,6264.15024
2048,shared_tiled,6,10,4401.26724
2048,register_1d,6,10,1519.50397
2048,register_2d_v1,6,10,1673.39191
2048,register_2d_v2,6,10,1171.91677
