# GPU=NVIDIA GeForce RTX 5070 Ti, SMs=70, compute=12.0
# CUDA runtime=13030, driver API=13030, cuBLAS=130600
# N=4096, rounds=7, iterations=10, warmups=3, alpha=1, beta=0, seed=1704, input=uniform[0,1)
# cublas_fp32=CUBLAS_PEDANTIC_MATH; cublas_default=CUBLAS_DEFAULT_MATH
kernel,n,median_us,min_us,max_us,tflops,speedup_vs_naive,percent_cublas_fp32,max_abs_error,max_rel_error,status
cublas_fp32,4096,4199.92332,4021.21277,4272.52159,32.7241578,12.4743605,100,0,0,PASS
cublas_default,4096,4221.00143,4090.11841,4291.7984,32.5607455,12.4120681,99.5006372,0,0,PASS
naive,4096,52391.3574,51675.1221,52515.1917,2.62331347,1,8.01644304,0.00512695312,4.97509668e-06,PASS
shared_tiled,4096,35513.9404,35130.1849,35835.6873,3.87000011,1.47523358,11.8261259,0.00512695312,4.97509668e-06,PASS
register_1d,4096,12282.1571,12083.2291,12307.2289,11.1901315,4.26564787,34.1953232,0.00512695312,4.97509668e-06,PASS
register_2d_v1,4096,16959.4818,16856.3553,17049.4247,8.10395948,3.08920744,24.7644555,0.00512695312,4.97509668e-06,PASS
register_2d_v2,4096,8252.64664,8160.7811,8405.70526,16.6539244,6.34843096,50.8918352,0.00512695312,4.97509668e-06,PASS
vectorized_k6,4096,6845.28351,6687.72507,6895.00122,20.0779052,7.65364318,61.3549946,0.00512695312,4.97509668e-06,PASS
warp_single_k7,4096,6644.09256,6623.76022,6688.78403,20.6858878,7.88540451,63.2128961,0.00512695312,4.97509668e-06,PASS
warp_multi_k8,4096,5176.06392,5109.97429,5304.75502,26.5527929,10.1218529,81.141257,0.00512695312,4.97509668e-06,PASS
experiment_k10,4096,4884.52797,4728.31345,4997.04323,28.1376121,10.7259817,85.984221,0.00512695312,4.97509668e-06,PASS
