B,H,N,D,causal,round,iterations,naive_us,flash_us
1,4,512,64,0,0,20,259.027183,101.622403
1,4,512,64,0,1,20,277.980804,101.952001
1,4,512,64,0,2,20,258.595198,101.545595
1,4,512,64,0,3,20,278.094411,101.361595
1,4,512,64,0,4,20,260.046422,102.366403
1,4,512,64,0,5,20,280.388802,102.312006
1,4,512,64,0,6,20,259.918392,101.996802
1,4,512,64,1,0,20,260.446399,71.8144029
1,4,512,64,1,1,20,279.174387,71.9520003
1,4,512,64,1,2,20,330.318391,71.9759986
1,4,512,64,1,3,20,280.580819,71.8704015
1,4,512,64,1,4,20,260.407984,71.8591958
1,4,512,64,1,5,20,260.686398,71.8623996
1,4,512,64,1,6,20,260.404795,71.7488006
1,4,1024,64,0,0,20,1064.76641,350.435197
1,4,1024,64,0,1,20,1071.97118,349.841595
1,4,1024,64,0,2,20,1112.56325,385.766417
1,4,1024,64,0,3,20,1083.78398,400.736004
1,4,1024,64,0,4,20,1131.14882,386.793584
1,4,1024,64,0,5,20,1107.62882,407.320023
1,4,1024,64,0,6,20,1092.39841,388.772786
1,4,1024,64,1,0,20,1094.7088,229.774401
1,4,1024,64,1,1,20,1070.17756,271.156818
1,4,1024,64,1,2,20,1094.86401,229.993612
1,4,1024,64,1,3,20,1100.76487,243.993595
1,4,1024,64,1,4,20,1096.6624,230.092809
1,4,1024,64,1,5,20,1144.58728,243.777603
1,4,1024,64,1,6,20,1097.51999,251.065612
1,4,2048,64,0,0,20,4360.72636,1386.168
1,4,2048,64,0,1,20,4798.25306,1436.68151
1,4,2048,64,0,2,20,4767.6096,1513.13913
1,4,2048,64,0,3,20,4639.91213,1503.67844
1,4,2048,64,0,4,20,4384.49287,1427.19841
1,4,2048,64,0,5,20,4385.5648,1425.77124
1,4,2048,64,0,6,20,4395.64037,1412.45437
1,4,2048,64,1,0,20,4426.05305,849.947155
1,4,2048,64,1,1,20,4418.05267,838.756859
1,4,2048,64,1,2,20,4491.37259,854.446411
1,4,2048,64,1,3,20,4458.14562,819.038391
1,4,2048,64,1,4,20,4459.47361,827.526391
1,4,2048,64,1,5,20,4397.45092,825.110435
1,4,2048,64,1,6,20,4453.60327,810.563207
1,4,1024,128,0,0,20,2132.05767,792.324781
1,4,1024,128,0,1,20,2025.76303,826.897621
1,4,1024,128,0,2,20,2001.83344,820.55521
1,4,1024,128,0,3,20,2035.54249,804.065585
1,4,1024,128,0,4,20,2027.20642,788.911998
1,4,1024,128,0,5,20,1966.36486,762.332797
1,4,1024,128,0,6,20,2025.3408,740.595222
1,4,1024,128,1,0,20,2054.02565,494.323194
1,4,1024,128,1,1,20,2016.00957,477.105618
1,4,1024,128,1,2,20,2039.19673,482.769579
1,4,1024,128,1,3,20,2005.70083,476.436794
1,4,1024,128,1,4,20,2031.54397,477.447987
1,4,1024,128,1,5,20,2025.53129,482.827187
1,4,1024,128,1,6,20,2011.08313,496.217579
1,4,2048,128,0,0,20,8083.33778,2927.08969
1,4,2048,128,0,1,20,7929.21925,2980.71194
1,4,2048,128,0,2,20,7901.28803,2976.48478
1,4,2048,128,0,3,20,7940.56177,2908.94246
1,4,2048,128,0,4,20,7891.03842,2869.73429
1,4,2048,128,0,5,20,7922.38379,2890.1825
1,4,2048,128,0,6,20,7869.13919,2965.79504
1,4,2048,128,1,0,20,7931.72169,1617.06412
1,4,2048,128,1,1,20,7890.36465,1595.00635
1,4,2048,128,1,2,20,7919.69013,1596.28165
1,4,2048,128,1,3,20,7925.82226,1629.19199
1,4,2048,128,1,4,20,7934.48162,1613.87992
1,4,2048,128,1,5,20,7931.41937,1654.12164
1,4,2048,128,1,6,20,7941.51545,1615.72647
