B,H,N,D,causal,naive_median_us,flash_median_us,speedup,naive_min_us,naive_max_us,flash_min_us,flash_max_us,status
1,4,512,64,0,260.046422,101.952001,2.55067501,258.595198,280.388802,101.361595,102.366403,PASS
1,4,512,64,1,260.686398,71.8623996,3.62757713,260.404795,330.318391,71.7488006,71.9759986,PASS
1,4,1024,64,0,1092.39841,386.793584,2.82424128,1064.76641,1131.14882,349.841595,407.320023,PASS
1,4,1024,64,1,1096.6624,243.777603,4.49861837,1070.17756,1144.58728,229.774401,271.156818,PASS
1,4,2048,64,0,4395.64037,1427.19841,3.0799084,4360.72636,4798.25306,1386.168,1513.13913,PASS
1,4,2048,64,1,4453.60327,827.526391,5.38182627,4397.45092,4491.37259,810.563207,854.446411,PASS
1,4,1024,128,0,2025.76303,792.324781,2.55673315,1966.36486,2132.05767,740.595222,826.897621,PASS
1,4,1024,128,1,2025.53129,482.769579,4.19564815,2005.70083,2054.02565,476.436794,496.217579,PASS
1,4,2048,128,0,7922.38379,2927.08969,2.70657363,7869.13919,8083.33778,2869.73429,2980.71194,PASS
1,4,2048,128,1,7931.41937,1615.72647,4.90888744,7890.36465,7941.51545,1595.00635,1654.12164,PASS
